Image,Id,id
01f17a15.jpg,w_656afeb,1680
025c0ecb.jpg,w_4fd48e7,1325
0317dee0.jpg,w_656afeb,1680
0344cc34.jpg,w_fea7fe6,4225
04928fa7.jpg,w_2fe43c7,782
05eb989c.jpg,w_13c6b6b,325
06e43d7a.jpg,w_1dff010,483
07ca5dfa.jpg,w_44a6b62,1140
0993be71.jpg,w_c00534d,3183
0bab8224.jpg,w_fa32440,4140
0dfa5cd6.jpg,w_2fd21ec,776
0eb0a241.jpg,w_38e4aae,926
1153b2ee.jpg,w_861cc1c,2234
12c67e49.jpg,w_38e4aae,926
1351db8d.jpg,w_d36f58c,3495
136c4d20.jpg,w_13c6b6b,325
13b9145e.jpg,w_44a6b62,1140
13dc9229.jpg,w_3d66298,999
14369038.jpg,w_dfbfe10,3706
14a8d87a.jpg,w_f81c626,4112
16456265.jpg,w_7763134,1984
178395e6.jpg,w_44a6b62,1140
182ec5b9.jpg,w_fa32440,4140
196d9d20.jpg,w_861cc1c,2234
1ad5e93e.jpg,w_dfbfe10,3706
1ae99bfc.jpg,w_21e178f,555
1da442d8.jpg,w_2fd21ec,776
1e1fe67e.jpg,w_ace8c54,2879
1ffa9a00.jpg,w_c00534d,3183
20e01275.jpg,w_8c1e2e4,2349
22316c00.jpg,w_21e178f,555
238ae4f1.jpg,w_7763134,1984
25c59e65.jpg,w_7311fe4,1904
29e1033b.jpg,w_7311fe4,1904
2b354b5d.jpg,w_13c6b6b,325
2f0d7fae.jpg,w_02facde,56
325b96a4.jpg,w_02facde,56
32d9e0da.jpg,w_8c1e2e4,2349
3358544d.jpg,w_02facde,56
34832b8b.jpg,w_f81c626,4112
3503121d.jpg,w_fa32440,4140
3622cac8.jpg,w_9875c12,2571
372fb923.jpg,w_3d66298,999
376ec81c.jpg,w_21e178f,555
37b38907.jpg,w_2fe43c7,782
37ba390e.jpg,w_4fd48e7,1325
38ee81ee.jpg,w_fa32440,4140
3a75f57a.jpg,w_f81c626,4112
3b4b1d4a.jpg,w_dfbfe10,3706
3f4cf803.jpg,w_13c6b6b,325
3fbb89ef.jpg,w_8d83172,2377
408cc669.jpg,w_c00534d,3183
42d0ab1b.jpg,w_656afeb,1680
434cc40e.jpg,w_9875c12,2571
443f0371.jpg,w_c00534d,3183
4498fd8f.jpg,w_3d66298,999
44b6aa67.jpg,w_ace8c54,2879
462ea945.jpg,w_9ceb05d,2641
46b53abb.jpg,w_dfbfe10,3706
4867d72c.jpg,w_21e178f,555
48f3c699.jpg,w_9ceb05d,2641
4b5daaf4.jpg,w_ace8c54,2879
4b6a4b19.jpg,w_02facde,56
4cd73c04.jpg,w_861cc1c,2234
4e0bb1b2.jpg,w_44a6b62,1140
50adb480.jpg,w_2fe43c7,782
51205ad0.jpg,w_8c1e2e4,2349
519a8325.jpg,w_13c6b6b,325
5244c139.jpg,w_4fd48e7,1325
52c4da80.jpg,w_9ceb05d,2641
53519e8d.jpg,w_fea7fe6,4225
53579373.jpg,w_abe383e,2865
53ccd15c.jpg,w_1dff010,483
548fa323.jpg,w_8c1e2e4,2349
5673b786.jpg,w_7311fe4,1904
5871e557.jpg,w_7763134,1984
58a457cf.jpg,w_dfbfe10,3706
5b51fb6b.jpg,w_7763134,1984
5c55f21a.jpg,w_dfbfe10,3706
5f3e8998.jpg,w_1dff010,483
5fe11dcd.jpg,w_656afeb,1680
6132b7b6.jpg,w_8c1e2e4,2349
615cf3af.jpg,w_861cc1c,2234
623aec39.jpg,w_3d66298,999
625c29ec.jpg,w_ace8c54,2879
651da09e.jpg,w_8d83172,2377
65575c28.jpg,w_7311fe4,1904
6699001e.jpg,w_d36f58c,3495
68572034.jpg,w_3d66298,999
6949b17b.jpg,w_02facde,56
6954aabe.jpg,w_3d66298,999
6a1979b5.jpg,w_13c6b6b,325
6aece8c6.jpg,w_8d83172,2377
6c0ac3c5.jpg,w_656afeb,1680
6c8edb3c.jpg,w_7311fe4,1904
6f630d8c.jpg,w_21e178f,555
7092fd6e.jpg,w_8d83172,2377
7102081d.jpg,w_44a6b62,1140
729c29a5.jpg,w_38e4aae,926
72c4a059.jpg,w_d36f58c,3495
787d048c.jpg,w_9875c12,2571
7a99c7df.jpg,w_4fd48e7,1325
7c28d11f.jpg,w_d9adb4f,3603
7c9f03ad.jpg,w_44a6b62,1140
7d06dd74.jpg,w_3d66298,999
7d157d3a.jpg,w_f81c626,4112
827a007f.jpg,w_2fd21ec,776
82d68445.jpg,w_2fe43c7,782
82f69c09.jpg,w_1dff010,483
83340424.jpg,w_d9adb4f,3603
872fcbba.jpg,w_8c1e2e4,2349
894307c8.jpg,w_d36f58c,3495
8b45f35d.jpg,w_abe383e,2865
8c572599.jpg,w_13c6b6b,325
9051d067.jpg,w_2fe43c7,782
91b4847f.jpg,w_2fd21ec,776
91f2d659.jpg,w_dfbfe10,3706
957522e1.jpg,w_02facde,56
95c0cfd8.jpg,w_abe383e,2865
9659141c.jpg,w_656afeb,1680
984ab8c6.jpg,w_abe383e,2865
997c805c.jpg,w_7763134,1984
9aa9188e.jpg,w_2fe43c7,782
9d596f1e.jpg,w_d9adb4f,3603
9dbc01ee.jpg,w_861cc1c,2234
9e6ff81f.jpg,w_f81c626,4112
a02c5ee5.jpg,w_d36f58c,3495
a159ccda.jpg,w_7763134,1984
a176d744.jpg,w_4fd48e7,1325
a1c702c0.jpg,w_9875c12,2571
a1f417a0.jpg,w_8c1e2e4,2349
a2789a7b.jpg,w_02facde,56
a31da59f.jpg,w_38e4aae,926
a3ce30c6.jpg,w_fa32440,4140
a4d8ca2d.jpg,w_38e4aae,926
a596311e.jpg,w_abe383e,2865
a795a77e.jpg,w_9875c12,2571
a7b0c232.jpg,w_7311fe4,1904
a7d163e8.jpg,w_ace8c54,2879
a7dec0d7.jpg,w_656afeb,1680
a8a7c4d2.jpg,w_fa32440,4140
a9646473.jpg,w_8d83172,2377
ad1d09e3.jpg,w_2fd21ec,776
ae7d1164.jpg,w_d9adb4f,3603
af057d8c.jpg,w_38e4aae,926
af943b37.jpg,w_9ceb05d,2641
afc114b6.jpg,w_1dff010,483
b0b78bf6.jpg,w_dfbfe10,3706
b23f23a1.jpg,w_9ceb05d,2641
b247e203.jpg,w_1dff010,483
b4442482.jpg,w_c00534d,3183
b63dabd3.jpg,w_656afeb,1680
b802b550.jpg,w_861cc1c,2234
b8c6e1c6.jpg,w_21e178f,555
b8e8d9a3.jpg,w_f81c626,4112
bbdafbfb.jpg,w_3d66298,999
bc32263b.jpg,w_f81c626,4112
bc5f0ddd.jpg,w_861cc1c,2234
bc7482e2.jpg,w_02facde,56
bd077019.jpg,w_fea7fe6,4225
bd420c2b.jpg,w_abe383e,2865
be49430c.jpg,w_9ceb05d,2641
bed0b250.jpg,w_c00534d,3183
bf4cf34e.jpg,w_fea7fe6,4225
c018a6ac.jpg,w_abe383e,2865
c01afe46.jpg,w_fea7fe6,4225
c035a39c.jpg,w_d36f58c,3495
c1858b6a.jpg,w_13c6b6b,325
c1d0bb19.jpg,w_2fd21ec,776
c4f97157.jpg,w_7311fe4,1904
c694616d.jpg,w_c00534d,3183
c7f5c5a8.jpg,w_21e178f,555
c871fdc7.jpg,w_d9adb4f,3603
c97c3ae6.jpg,w_44a6b62,1140
c9dd23b9.jpg,w_8d83172,2377
cac20f95.jpg,w_abe383e,2865
cb6b11e9.jpg,w_1dff010,483
cc2ea3f1.jpg,w_861cc1c,2234
cd91f5d4.jpg,w_d9adb4f,3603
d034eb40.jpg,w_7763134,1984
d3af29e6.jpg,w_38e4aae,926
d60832ab.jpg,w_4fd48e7,1325
d6761808.jpg,w_f81c626,4112
d960969a.jpg,w_8d83172,2377
daaf34f5.jpg,w_1dff010,483
db37d396.jpg,w_d36f58c,3495
dd96de54.jpg,w_8d83172,2377
de3c2de1.jpg,w_d36f58c,3495
de5ea4fa.jpg,w_c00534d,3183
df21a6b8.jpg,w_4fd48e7,1325
df6e8459.jpg,w_7763134,1984
e0d6b877.jpg,w_fea7fe6,4225
e0e2a0d2.jpg,w_2fd21ec,776
e1032d07.jpg,w_fa32440,4140
e1313b0f.jpg,w_44a6b62,1140
e278bd28.jpg,w_9ceb05d,2641
e53cedd6.jpg,w_ace8c54,2879
e5880701.jpg,w_7311fe4,1904
e69e6d59.jpg,w_2fe43c7,782
e74c35ab.jpg,w_fa32440,4140
e8524269.jpg,w_9ceb05d,2641
eba93d4f.jpg,w_d9adb4f,3603
ec078e71.jpg,w_4fd48e7,1325
f27adaf7.jpg,w_9875c12,2571
f32f6809.jpg,w_9875c12,2571
f3910aa3.jpg,w_d9adb4f,3603
f39d445f.jpg,w_38e4aae,926
f43ba4f2.jpg,w_9875c12,2571
f51a835e.jpg,w_fea7fe6,4225
f7e47342.jpg,w_fea7fe6,4225
f7f53ac0.jpg,w_2fe43c7,782
f86781e3.jpg,w_8c1e2e4,2349
f93f142a.jpg,w_ace8c54,2879
fcf9499f.jpg,w_21e178f,555
fd4fce43.jpg,w_2fd21ec,776
ffc0b437.jpg,w_ace8c54,2879
